{"rollout/ep_len_mean": 100.0, "_timestamp": 1659207847, "_runtime": 18281, "rollout/ep_rew_mean": 81.74155061, "time/episodes": 1996, "time/fps": 10, "time/time_elapsed": 18270, "time/total_timesteps": 200000, "train/actor_loss": -89.78652667999268, "train/critic_loss": 0.16444632597267628, "train/ent_coef": 0.009999999776482582, "train/learning_rate": 0.001, "train/n_updates": 199896, "_step": 200000, "_wandb": {"runtime": 18540}}