{"rollout/ep_len_mean": 100.0, "_timestamp": 1659189157, "_runtime": 192, "rollout/ep_rew_mean": 8.162979375, "time/episodes": 28, "time/fps": 17, "time/time_elapsed": 180, "time/total_timesteps": 3200, "train/actor_loss": -63.53825855255127, "train/critic_loss": 22.156747221946716, "train/ent_coef": 0.009999999776482582, "train/learning_rate": 0.001, "train/n_updates": 3096, "_step": 3200}