{"rollout/ep_len_mean": 100.0, "_timestamp": 1659186529, "_runtime": 87, "rollout/ep_rew_mean": -23.67558129166667, "time/episodes": 20, "time/fps": 31, "time/time_elapsed": 76, "time/total_timesteps": 2400, "train/actor_loss": 2112.1043395996094, "train/critic_loss": 27819.577758789062, "train/ent_coef": 0.009999999776482582, "train/learning_rate": 0.001, "train/n_updates": 2296, "_step": 2400}