{"rollout/ep_len_mean": 100.0, "_timestamp": 1659188950, "_runtime": 299, "rollout/ep_rew_mean": -24.971301812499995, "time/episodes": 60, "time/fps": 22, "time/time_elapsed": 286, "time/total_timesteps": 6400, "train/actor_loss": -44.58029747009277, "train/critic_loss": 18.104051023721695, "train/ent_coef": 0.009999999776482582, "train/learning_rate": 0.001, "train/n_updates": 6296, "_step": 6400}