{"rollout/ep_len_mean": 100.0, "_timestamp": 1659422600, "_runtime": 129977, "rollout/ep_rew_mean": 82.02063049, "rollout/exploration_rate": 0.05, "time/episodes": 8364, "time/fps": 6, "time/time_elapsed": 129964, "time/total_timesteps": 836800, "train/actor_loss": -91.24771022796631, "train/critic_loss": 0.6059295609593391, "train/ent_coef": 0.009999999776482582, "train/learning_rate": 0.001, "train/n_updates": 836696, "_step": 836800, "_wandb": {"runtime": 130024}}