{"rollout/ep_len_mean": 100.0, "_timestamp": 1659253609, "_runtime": 2107, "rollout/ep_rew_mean": 48.27206343999999, "time/episodes": 452, "time/fps": 21, "time/time_elapsed": 2097, "time/total_timesteps": 45600, "train/actor_loss": -75.76084613800049, "train/critic_loss": 2.0157032310962677, "train/ent_coef": 0.009999999776482582, "train/learning_rate": 0.001, "train/n_updates": 45496, "_step": 45600}