{"mean/disc/disc_acc": 0.86845703125, "_timestamp": 1660724480, "_runtime": 3471, "_step": 3097, "mean/disc/disc_acc_expert": 0.8839843749999999, "mean/disc/disc_acc_gen": 0.8529296874999999, "mean/disc/disc_entropy": 0.43916865289211277, "mean/disc/disc_loss": 0.9191283762454987, "mean/disc/disc_proportion_expert_pred": 0.51552734375, "mean/disc/disc_proportion_expert_true": 0.5, "mean/disc/global_step": 100.0, "mean/disc/n_expert": 512.0, "mean/disc/n_generated": 512.0, "mean/disc/net_bias": -3.7324275821447372, "mean/disc/net_scale": -1.4604870509356263, "mean/gen/rollout/ep_len_mean": 30.0, "mean/gen/rollout/ep_rew_mean": 42.827642430000004, "mean/gen/time/fps": 22.0, "mean/gen/time/iterations": 1.0, "mean/gen/time/time_elapsed": 45.0, "mean/gen/time/total_timesteps": 102400.0, "mean/gen/train/approx_kl": 0.022121775895357132, "mean/gen/train/clip_fraction": 0.1782958984375, "mean/gen/train/clip_range": 0.2, "mean/gen/train/entropy_loss": -3.5490449160337447, "mean/gen/train/explained_variance": 0.948504813015461, "mean/gen/train/learning_rate": 0.0003, "mean/gen/train/loss": 118.39888000488281, "mean/gen/train/n_updates": 2000.0, "mean/gen/train/policy_gradient_loss": -0.009397416146748582, "mean/gen/train/std": 0.6007177233695984, "mean/gen/train/value_loss": 149.59378118813038, "mean/gen/rollout/ep_const_wrapped_mean": -137.09748745441436, "mean/gen/rollout/ep_rew_wrapped_mean": -141.51858829498292}