{"rollout/ep_len_mean": 100.0, "_timestamp": 1659249985, "_runtime": 207, "rollout/ep_rew_mean": -26.427249285714286, "time/episodes": 52, "time/fps": 28, "time/time_elapsed": 197, "time/total_timesteps": 5600, "train/actor_loss": -108.19183158874512, "train/critic_loss": 59.39202535152435, "train/ent_coef": 0.009999999776482582, "train/learning_rate": 0.001, "train/n_updates": 5496, "_step": 5600, "_wandb": {"runtime": 215}}