{"rollout/ep_len_mean": 100.0, "_timestamp": 1659185037, "_runtime": 40, "rollout/ep_rew_mean": 19.467041875, "time/episodes": 4, "time/fps": 27, "time/time_elapsed": 29, "time/total_timesteps": 800, "train/actor_loss": -1.1752137169241905, "train/critic_loss": 0.014362347777932882, "train/ent_coef": 0.009999999776482582, "train/learning_rate": 0.001, "train/n_updates": 696, "_step": 800}