{"rollout/ep_len_mean": 100.0, "_timestamp": 1659187123, "_runtime": 215, "rollout/ep_rew_mean": -16.367250225, "time/episodes": 36, "time/fps": 19, "time/time_elapsed": 203, "time/total_timesteps": 4000, "train/actor_loss": -29.73675298690796, "train/critic_loss": 11.480989068746567, "train/ent_coef": 0.009999999776482582, "train/learning_rate": 0.001, "train/n_updates": 3896, "_step": 4000}