{"rollout/ep_len_mean": 100.0, "_timestamp": 1659187581, "_runtime": 47, "rollout/ep_rew_mean": -37.93897625, "time/episodes": 4, "time/fps": 22, "time/time_elapsed": 35, "time/total_timesteps": 800, "train/actor_loss": 8.629929900169373, "train/critic_loss": 0.08476784359663725, "train/ent_coef": 0.009999999776482582, "train/learning_rate": 0.001, "train/n_updates": 696, "_step": 800}