{"mean/disc/disc_acc": 0.5977539062499999, "_timestamp": 1660693803, "_runtime": 278, "_step": 474, "mean/disc/disc_acc_expert": 0.8775390625, "mean/disc/disc_acc_gen": 0.31796874999999997, "mean/disc/disc_entropy": 0.47564415633678436, "mean/disc/disc_loss": 0.8262304961681366, "mean/disc/disc_proportion_expert_pred": 0.77978515625, "mean/disc/disc_proportion_expert_true": 0.5, "mean/disc/global_step": 17.0, "mean/disc/n_expert": 512.0, "mean/disc/n_generated": 512.0, "mean/gen/rollout/ep_len_mean": 30.0, "mean/gen/rollout/ep_rew_mean": -0.49721652000000005, "mean/gen/time/fps": 61.0, "mean/gen/time/iterations": 1.0, "mean/gen/time/time_elapsed": 16.0, "mean/gen/time/total_timesteps": 17408.0, "mean/gen/train/approx_kl": 0.009397536516189575, "mean/gen/train/clip_fraction": 0.08603515625, "mean/gen/train/clip_range": 0.2, "mean/gen/train/entropy_loss": -5.59616544097662, "mean/gen/train/explained_variance": 0.631963312625885, "mean/gen/train/learning_rate": 0.0003, "mean/gen/train/loss": 5.315953254699707, "mean/gen/train/n_updates": 340.0, "mean/gen/train/policy_gradient_loss": -0.011042246576107573, "mean/gen/train/std": 0.978364884853363, "mean/gen/train/value_loss": 97.76483929157257, "mean/gen/rollout/ep_rew_wrapped_mean": -54.55280432439707}