{"mean/disc/disc_acc": 0.996484375, "_timestamp": 1660725714, "_runtime": 32189, "_step": 12038, "mean/disc/disc_acc_expert": 0.9943359374999999, "mean/disc/disc_acc_gen": 0.9986328125, "mean/disc/disc_entropy": 0.010551419900730254, "mean/disc/disc_loss": 0.009297703159973025, "mean/disc/disc_proportion_expert_pred": 0.4978515625, "mean/disc/disc_proportion_expert_true": 0.5, "mean/disc/global_step": 430.0, "mean/disc/n_expert": 512.0, "mean/disc/n_generated": 512.0, "mean/gen/rollout/ep_len_mean": 30.0, "mean/gen/rollout/ep_rew_mean": 42.79160001, "mean/gen/time/fps": 7.0, "mean/gen/time/iterations": 1.0, "mean/gen/time/time_elapsed": 128.0, "mean/gen/time/total_timesteps": 440320.0, "mean/gen/train/approx_kl": 0.044435467571020126, "mean/gen/train/clip_fraction": 0.379443359375, "mean/gen/train/clip_range": 0.2, "mean/gen/train/entropy_loss": 5.311216147243977, "mean/gen/train/explained_variance": 0.9905940564349294, "mean/gen/train/learning_rate": 0.0003, "mean/gen/train/loss": -5.205996990203857, "mean/gen/train/n_updates": 8600.0, "mean/gen/train/policy_gradient_loss": 3.612786531448364e-05, "mean/gen/train/std": 0.06535099446773529, "mean/gen/train/value_loss": 17.728564807400108, "mean/gen/rollout/ep_rew_wrapped_mean": -4.260562797775492}