{"rollout/ep_len_mean": 100.0, "_timestamp": 1659188536, "_runtime": 80, "rollout/ep_rew_mean": -67.69798574999999, "time/episodes": 12, "time/fps": 23, "time/time_elapsed": 66, "time/total_timesteps": 1600, "train/actor_loss": 11.64888322353363, "train/critic_loss": 0.6266148947179317, "train/ent_coef": 0.009999999776482582, "train/learning_rate": 0.001, "train/n_updates": 1496, "_step": 1600, "_wandb": {"runtime": 103}}