{"rollout/ep_len_mean": 100.0, "_timestamp": 1659188445, "_runtime": 145, "rollout/ep_rew_mean": -40.06226484375, "time/episodes": 28, "time/fps": 24, "time/time_elapsed": 132, "time/total_timesteps": 3200, "train/actor_loss": 4.747972548007965, "train/critic_loss": 1.073789145797491, "train/ent_coef": 0.009999999776482582, "train/learning_rate": 0.001, "train/n_updates": 3096, "_step": 3200}