{"rollout/ep_len_mean": 100.0, "_timestamp": 1659186841, "_runtime": 192, "rollout/ep_rew_mean": 1.9359488125000002, "time/episodes": 44, "time/fps": 26, "time/time_elapsed": 180, "time/total_timesteps": 4800, "train/actor_loss": -4.22467964887619, "train/critic_loss": 0.9504613429307938, "train/ent_coef": 0.009999999776482582, "train/learning_rate": 0.001, "train/n_updates": 4696, "_step": 4800}