{"rollout/ep_len_mean": 100.0, "_timestamp": 1659448911, "_runtime": 156593, "rollout/ep_rew_mean": 82.42378122000002, "time/episodes": 9212, "time/fps": 5, "time/time_elapsed": 156581, "time/total_timesteps": 921600, "train/actor_loss": -94.94311141967773, "train/critic_loss": 0.15776833007112145, "train/ent_coef": 0.009999999776482582, "train/learning_rate": 0.001, "train/n_updates": 921496, "_step": 921600}