{"rollout/ep_len_mean": 100.0, "_timestamp": 1659452578, "_runtime": 160260, "rollout/ep_rew_mean": 82.18942634999999, "time/episodes": 9308, "time/fps": 5, "time/time_elapsed": 160248, "time/total_timesteps": 931200, "train/actor_loss": -93.49077129364014, "train/critic_loss": 0.17086962889879942, "train/ent_coef": 0.009999999776482582, "train/learning_rate": 0.001, "train/n_updates": 931096, "_step": 931200}