{"rollout/ep_len_mean": 100.0, "_timestamp": 1659422513, "_runtime": 129954, "rollout/ep_rew_mean": 82.26243747000001, "rollout/exploration_rate": 0.05, "time/episodes": 8316, "time/fps": 6, "time/time_elapsed": 129942, "time/total_timesteps": 832000, "train/actor_loss": -92.09024333953857, "train/critic_loss": 0.44796422123908997, "train/ent_coef": 0.009999999776482582, "train/learning_rate": 0.001, "train/n_updates": 831896, "_step": 832000, "_wandb": {"runtime": 130093}}