{"rollout/ep_len_mean": 100.0, "_timestamp": 1659187409, "_runtime": 254, "rollout/ep_rew_mean": -5.6758089583333335, "time/episodes": 44, "time/fps": 19, "time/time_elapsed": 243, "time/total_timesteps": 4800, "train/actor_loss": -91.02075481414795, "train/critic_loss": 63.117127418518066, "train/ent_coef": 0.009999999776482582, "train/learning_rate": 0.001, "train/n_updates": 4696, "_step": 4800, "_wandb": {"runtime": 291}}