{"rollout/ep_len_mean": 100.0, "_timestamp": 1659250288, "_runtime": 192, "rollout/ep_rew_mean": -19.27109941071429, "time/episodes": 52, "time/fps": 30, "time/time_elapsed": 182, "time/total_timesteps": 5600, "train/actor_loss": -31.64386010169983, "train/critic_loss": 5.793927922844887, "train/ent_coef": 0.009999999776482582, "train/learning_rate": 0.001, "train/n_updates": 5496, "_step": 5600, "_wandb": {"runtime": 194}}